{
  "head": [
    { "title": "序號" },
    { "title": "管理處" },
    { "title": "管理分處" },
    { "title": "工作站" },
    { "title": "水利小組" },
    { "title": "輪區" },
    { "title": "縣市" },
    { "title": "鄉鎮市區" },
    { "title": "地段" },
    { "title": "地號" },
    { "title": "地目" },
    { "title": "使用分區" }
  ],
  "body": [
    { "title": ["01", "嘉南", "新化區管理處", "公塭站", "溪南寮小組", "第一輪區", "臺南市", "安南區", "溪南寮", "1", "田", "一般農業區"] },
    { "title": ["02", "嘉南", "新化區管理處", "公塭站", "溪南寮小組", "第一輪區", "臺南市", "安南區", "溪南寮", "1", "田", "一般農業區"] },
    { "title": ["03", "嘉南", "新化區管理處", "公塭站", "溪南寮小組", "第一輪區", "臺南市", "安南區", "溪南寮", "1", "田", "一般農業區"] },
    { "title": ["04", "嘉南", "新化區管理處", "公塭站", "溪南寮小組", "第一輪區", "臺南市", "安南區", "溪南寮", "1", "田", "一般農業區"] },
    { "title": ["05", "嘉南", "新化區管理處", "公塭站", "溪南寮小組", "第一輪區", "臺南市", "安南區", "溪南寮", "1", "田", "一般農業區"] },
    { "title": ["06", "嘉南", "新化區管理處", "公塭站", "溪南寮小組", "第一輪區", "臺南市", "安南區", "溪南寮", "1", "田", "一般農業區"] },
    { "title": ["07", "嘉南", "新化區管理處", "公塭站", "溪南寮小組", "第一輪區", "臺南市", "安南區", "溪南寮", "1", "田", "一般農業區"] },
    { "title": ["08", "嘉南", "新化區管理處", "公塭站", "溪南寮小組", "第一輪區", "臺南市", "安南區", "溪南寮", "1", "田", "一般農業區"] },
    { "title": ["09", "嘉南", "新化區管理處", "公塭站", "溪南寮小組", "第一輪區", "臺南市", "安南區", "溪南寮", "1", "田", "一般農業區"] },
    { "title": ["10", "嘉南", "新化區管理處", "公塭站", "溪南寮小組", "第一輪區", "臺南市", "安南區", "溪南寮", "1", "田", "一般農業區"] },
    { "title": ["11", "嘉南", "新化區管理處", "公塭站", "溪南寮小組", "第一輪區", "臺南市", "安南區", "溪南寮", "1", "田", "一般農業區"] },
    { "title": ["12", "嘉南", "新化區管理處", "公塭站", "溪南寮小組", "第一輪區", "臺南市", "安南區", "溪南寮", "1", "田", "一般農業區"] },
    { "title": ["13", "嘉南", "新化區管理處", "公塭站", "溪南寮小組", "第一輪區", "臺南市", "安南區", "溪南寮", "1", "田", "一般農業區"] },
    { "title": ["14", "嘉南", "新化區管理處", "公塭站", "溪南寮小組", "第一輪區", "臺南市", "安南區", "溪南寮", "1", "田", "一般農業區"] },
    { "title": ["15", "嘉南", "新化區管理處", "公塭站", "溪南寮小組", "第一輪區", "臺南市", "安南區", "溪南寮", "1", "田", "一般農業區"] },
    { "title": ["16", "嘉南", "新化區管理處", "公塭站", "溪南寮小組", "第一輪區", "臺南市", "安南區", "溪南寮", "1", "田", "一般農業區"] }
  ]
}