{
  "head": [
    { "title": "管理處" },
    { "title": "管理分處" },
    { "title": "工作站" },
    { "title": "水利小組" },
    { "title": "縣市" },
    { "title": "鄉鎮市區" },
    { "title": "段名" },
    { "title": "段號" }
  ],
  "body": [
    { "title": ["苗栗", "管理分處", "苗栗站", "田寮小組", "苗栗縣", "苗栗市", "(KB0190)福全", "1288"] },
    { "title": ["苗栗", "管理分處", "苗栗站", "田寮小組", "苗栗縣", "苗栗市", "(KB0190)福全", "1288"] },
    { "title": ["苗栗", "管理分處", "苗栗站", "田寮小組", "苗栗縣", "苗栗市", "(KB0190)福全", "1288"] },
    { "title": ["苗栗", "管理分處", "苗栗站", "田寮小組", "苗栗縣", "苗栗市", "(KB0190)福全", "1288"] },
    { "title": ["苗栗", "管理分處", "苗栗站", "田寮小組", "苗栗縣", "苗栗市", "(KB0190)福全", "1288"] },
    { "title": ["苗栗", "管理分處", "苗栗站", "田寮小組", "苗栗縣", "苗栗市", "(KB0190)福全", "1288"] },
    { "title": ["苗栗", "管理分處", "苗栗站", "田寮小組", "苗栗縣", "苗栗市", "(KB0190)福全", "1288"] },
    { "title": ["苗栗", "管理分處", "苗栗站", "田寮小組", "苗栗縣", "苗栗市", "(KB0190)福全", "1288"] },
    { "title": ["苗栗", "管理分處", "苗栗站", "田寮小組", "苗栗縣", "苗栗市", "(KB0190)福全", "1288"] },
    { "title": ["苗栗", "管理分處", "苗栗站", "田寮小組", "苗栗縣", "苗栗市", "(KB0190)福全", "1288"] },
    { "title": ["苗栗", "管理分處", "苗栗站", "田寮小組", "苗栗縣", "苗栗市", "(KB0190)福全", "1288"] },
    { "title": ["苗栗", "管理分處", "苗栗站", "田寮小組", "苗栗縣", "苗栗市", "(KB0190)福全", "1288"] },
    { "title": ["苗栗", "管理分處", "苗栗站", "田寮小組", "苗栗縣", "苗栗市", "(KB0190)福全", "1288"] },
    { "title": ["苗栗", "管理分處", "苗栗站", "田寮小組", "苗栗縣", "苗栗市", "(KB0190)福全", "1288"] },
    { "title": ["苗栗", "管理分處", "苗栗站", "田寮小組", "苗栗縣", "苗栗市", "(KB0190)福全", "1288"] },
    { "title": ["苗栗", "管理分處", "苗栗站", "田寮小組", "苗栗縣", "苗栗市", "(KB0190)福全", "1288"] }
  ]
}