{
  "data":[
    {
      "name": "流水編號",
      "value": "",
      "id": 0
    },
    {
      "name": "管理處代碼",
      "value": "",
      "id": 1
    },
    {
      "name": "管理處名稱",
      "value": "",
      "id": 2
    },
    {
      "name": "管理分處代碼",
      "value": "",
      "id": 3
    },
    {
      "name": "管理分處名稱",
      "value": "",
      "id": 4
    },
    {
      "name": "工作站代碼",
      "value": "",
      "id": 5
    },
    {
      "name": "工作站名稱",
      "value": "",
      "id": 6
    },
    {
      "name": "小組代碼",
      "value": "",
      "id": 7
    },
    {
      "name": "小組名稱",
      "value": "",
      "id": 8
    },
    {
      "name": "輪區代碼",
      "value": "",
      "id": 9
    },
    {
      "name": "輪區名稱",
      "value": "",
      "id": 10
    },
    {
      "name": "渠道長度(m)",
      "value": "",
      "id": 11
    },
    {
      "name": "渠道編號-通用碼",
      "value": "",
      "id": 12
    },
    {
      "name": "渠道編號-個別管理處",
      "value": "",
      "id": 13
    },
    {
      "name": "渠道名稱",
      "value": "",
      "id": 14
    },
    {
      "name": "渠道等級代碼",
      "value": "",
      "id": 15
    },
    {
      "name": "渠道等級名稱",
      "value": "",
      "id": 16
    },
    {
      "name": "渠道取得性質",
      "value": "",
      "id": 17
    },
    {
      "name": "渠道屬性",
      "value": "",
      "id": 18
    },
    {
      "name": "渠道灌溉類型",
      "value": "",
      "id": 19
    },
    {
      "name": "資料日期",
      "value": "",
      "id": 20
    },
    {
      "name": "渠道種類代號",
      "value": "",
      "id": 21
    }
  ]
}