{
  "data": [
    {
      "id": "123456", 
      "layer_index": "1", 
      "LayerTitle": "渠道", 
      "type": [{"name": "河川水源","visible": true, "pic":"river", "id":"111"},
               {"name": "支線","visible": true, "pic":"zhi", "id":"122"},
               {"name": "分線","visible": true, "pic":"fun", "id":"144"},
               {"name": "取入","visible": true, "pic":"in", "id":"155"},
               {"name": "主給","visible": true, "pic":"give", "id":"166"}
      ],
      "visible": true, 
      "opacity": 50,
      "allShow":true
    },
    {
      "id": "123457",
      "layer_index": "2",
      "LayerTitle": "區域排水",
      "type": [{"name": "中央管區域排水","visible": true, "pic":"center", "id":"177"},
               {"name": "市管區排","visible": true, "pic":"county", "id":"188"},
               {"name": "取入","visible": true, "pic":"in", "id":"199"},
               {"name": "主給","visible": true, "pic":"give", "id":"200"}
      ],
      "visible": true,
      "opacity": 50,
      "allShow":true
    },
    {
      "id": "123458",
      "layer_index": "3",
      "LayerTitle": "縣市界",
      "type": ["黃色"],
      "pic":["yellow-block"],
      "visible": true,
      "opacity": 50
    },
    {
      "id": "123459",
      "layer_index": "4",
      "LayerTitle": "地段界",
      "type": ["藍色"],
      "pic":["yellow-block"],
      "visible": true,
      "opacity": 50
    },
    {
      "id": "123460",
      "layer_index": "5",
      "LayerTitle": "地籍圖",
      "type": ["粉紅色"],
      "pic":["yellow-block"],
      "visible": true,
      "opacity": 50
    },
    {
      "id": "123461",
      "layer_index": "6",
      "LayerTitle": "工作站",
      "type": ["綠色"],
      "pic":["yellow-block"],
      "visible": true,
      "opacity": 50
    },
    {
      "id": "123462",
      "layer_index": "7",
      "LayerTitle": "管理分處",
      "type": ["紫色"],
      "pic":["yellow-block"],
      "visible": true,
      "opacity": 50
    }
  ]
}